customer_id,first_name,last_name,loan_id,loan_type,loan_status
CUST-10156,Cynthia,Douglas,LN-20096,Home,Active
CUST-10222,Jeffrey,Owens,LN-20758,Home,Active
CUST-10033,Jennifer,Young,LN-20211,Home,Active
CUST-10075,Joanne,Greene,LN-21146,Home,Active
CUST-10092,Joshua,Anderson,LN-20091,Home,Active
CUST-10139,Jay,Morrison,LN-21230,Home,Active
CUST-10225,Betty,Martin,LN-20279,Home,Active
CUST-10263,Lori,Hall,LN-20079,Home,Active
CUST-10269,Laura,Leach,LN-20450,Home,Active
CUST-10374,Johnathan,Briggs,LN-20416,Home,Active
CUST-10074,Christina,Fields,LN-21337,Home,Active
CUST-10105,Mark,Eaton,LN-21134,Home,Active
CUST-10199,Marcus,Smith,LN-20824,Home,Active
CUST-10414,Travis,Pearson,LN-20018,Home,Active
CUST-10483,Barry,Hubbard,LN-20395,Home,Active
CUST-10005,Joseph,Gallagher,LN-20469,Home,Active
CUST-10017,Elizabeth,Vasquez,LN-21339,Home,Active
CUST-10113,Tammy,Duke,LN-20612,Home,Active
CUST-10129,Michelle,Barrera,LN-21220,Home,Active
CUST-10204,Christopher,Cantrell,LN-21167,Home,Active
CUST-10273,Ryan,Wilkins,LN-20162,Home,Active
CUST-10298,Jennifer,Roach,LN-20533,Home,Active
CUST-10427,Jessica,Rice,LN-20402,Home,Active
CUST-10449,Jennifer,Torres,LN-20190,Home,Active
CUST-10021,Renee,Lamb,LN-21482,Home,Active
CUST-10228,Richard,Harrington,LN-20647,Home,Active
CUST-10315,Anthony,Oconnell,LN-21179,Home,Active
CUST-10237,Melissa,Morgan,LN-21070,Home,Active
CUST-10270,Charles,Maldonado,LN-21274,Home,Active
CUST-10389,Miguel,Anderson,LN-21098,Home,Active
CUST-10412,Jennifer,Hayes,LN-21336,Home,Active
CUST-10490,Brian,Morgan,LN-21366,Home,Active
CUST-10150,Amanda,Mccullough,LN-21118,Home,Active
CUST-10158,Andrea,Martinez,LN-21378,Home,Active
CUST-10320,Amy,Herman,LN-20923,Home,Active
CUST-10082,Erin,Lopez,LN-21045,Home,Active
CUST-10132,Victoria,Lara,LN-20326,Home,Active
CUST-10239,Heather,White,LN-20912,Home,Active
CUST-10243,James,Zimmerman,LN-21491,Home,Active
CUST-10008,Megan,Singh,LN-20709,Home,Active
CUST-10108,Teresa,Pitts,LN-21163,Home,Active
CUST-10261,Mark,Gibbs,LN-20788,Home,Active
CUST-10333,John,Bryan,LN-20449,Home,Active
CUST-10441,Steven,Nunez,LN-21289,Home,Active
CUST-10126,Douglas,Lopez,LN-20108,Home,Active
CUST-10148,Amanda,Robinson,LN-20624,Home,Active
CUST-10174,Amanda,Anderson,LN-20441,Home,Active
CUST-10231,Jeremiah,Lopez,LN-21423,Home,Active
CUST-10256,Amy,Murphy,LN-20968,Home,Active
CUST-10260,Kelsey,Johnson,LN-20325,Home,Active
CUST-10351,Vanessa,Gaines,LN-20414,Home,Active
CUST-10387,Mary,Johnson,LN-20498,Home,Active
CUST-10410,Jade,Trevino,LN-21192,Home,Active
CUST-10418,Joseph,Owens,LN-20161,Home,Active
CUST-10099,Misty,Jackson,LN-21401,Home,Active
CUST-10287,Frank,Jordan,LN-20692,Home,Active
CUST-10360,Sara,Macdonald,LN-21004,Home,Active
CUST-10400,Johnathan,Schmidt,LN-20816,Home,Active
CUST-10252,Lawrence,Delacruz,LN-20604,Home,Active
CUST-10259,Eric,Donaldson,LN-20652,Home,Active
CUST-10313,Joshua,Wagner,LN-20132,Home,Active
CUST-10291,Nicole,Mcconnell,LN-21069,Home,Active
CUST-10346,Nancy,Parker,LN-21463,Home,Active
CUST-10383,Derek,Lucas,LN-20505,Home,Active
CUST-10424,Jacqueline,Moran,LN-20688,Home,Active
CUST-10142,Michael,Montes,LN-20568,Home,Active
CUST-10200,Lindsey,Jones,LN-20174,Home,Active
CUST-10398,James,Larson,LN-21394,Home,Active
CUST-10404,Adam,Carlson,LN-21462,Home,Active
CUST-10438,Omar,Douglas,LN-20827,Home,Active
CUST-10497,Nicole,Nichols,LN-20285,Home,Active
CUST-10062,Allen,Arroyo,LN-20976,Home,Active
CUST-10370,Alan,Adams,LN-20584,Home,Active
CUST-10525,Matthew,Wood,LN-21252,Home,Active
CUST-10575,Robert,Hughes,LN-21142,Home,Active
CUST-10724,Tammy,Thomas,LN-20500,Home,Active
CUST-10766,Timothy,Caldwell,LN-21356,Home,Active
CUST-10923,Christopher,Martin,LN-20726,Home,Active
CUST-10622,Marc,Morales,LN-21191,Home,Active
CUST-10631,April,Lee,LN-21288,Home,Active
CUST-10676,Joshua,Freeman,LN-21177,Home,Active
CUST-10930,Stephanie,Boyd,LN-20031,Home,Active
CUST-10537,Brenda,Patterson,LN-20523,Home,Active
CUST-10818,Brandi,Fitzgerald,LN-21313,Home,Active
CUST-10956,Debra,Jordan,LN-20248,Home,Active
CUST-10962,James,Russell,LN-20492,Home,Active
CUST-10538,Joshua,Jefferson,LN-20607,Home,Active
CUST-10636,Laura,Andrews,LN-20224,Home,Active
CUST-10700,Aaron,Hill,LN-20599,Home,Active
CUST-10757,Mary,Bennett,LN-21399,Home,Active
CUST-10775,Brooke,Young,LN-20994,Home,Active
CUST-10795,Heidi,Sparks,LN-20213,Home,Active
CUST-10810,Sonia,Miller,LN-20555,Home,Active
CUST-10543,Ricky,Santiago,LN-21212,Home,Active
CUST-10635,John,Campbell,LN-21266,Home,Active
CUST-10755,Nicole,Mcneil,LN-20194,Home,Active
CUST-10594,Susan,Poole,LN-21078,Home,Active
CUST-10600,Michelle,Hodges,LN-21119,Home,Active
CUST-10612,Alexander,Johnson,LN-20400,Home,Active
CUST-10654,Jake,Martin,LN-20037,Home,Active
CUST-10656,Bryan,Morrison,LN-21219,Home,Active
CUST-10708,Kelsey,Pham,LN-20613,Home,Active
CUST-10805,David,Scott,LN-20399,Home,Active
CUST-10861,Jessica,Simpson,LN-21231,Home,Active
CUST-10872,Erin,Stout,LN-20146,Home,Active
CUST-10792,Jessica,Webster,LN-20298,Home,Active
CUST-10908,Tanya,Spencer,LN-20356,Home,Active
CUST-10934,Jason,Lopez,LN-20921,Home,Active
CUST-10954,Linda,Davis,LN-20603,Home,Active
CUST-10897,Bethany,Barnes,LN-20920,Home,Active
CUST-10521,Kevin,Campbell,LN-21065,Home,Active
CUST-10531,Robin,Stone,LN-20365,Home,Active
CUST-10617,James,Moore,LN-20714,Home,Active
CUST-10660,Evelyn,Peterson,LN-21480,Home,Active
CUST-10680,Nicole,Klein,LN-21395,Home,Active
CUST-10735,Emily,Hess,LN-20541,Home,Active
CUST-10839,Stephanie,Roman,LN-20892,Home,Active
CUST-10859,Richard,Olson,LN-20123,Home,Active
CUST-10974,Barry,Ruiz,LN-21441,Home,Active
CUST-10670,Amy,Norman,LN-21215,Home,Active
CUST-10834,Brad,Friedman,LN-21207,Home,Active
CUST-10837,Adrian,Robinson,LN-20769,Home,Active
CUST-10563,Cameron,White,LN-20054,Home,Active
CUST-10592,Victor,Johnson,LN-21095,Home,Active
CUST-10605,Catherine,Rodriguez,LN-20783,Home,Active
CUST-10731,Karen,Moreno,LN-20744,Home,Active
CUST-10900,Rhonda,Ibarra,LN-20423,Home,Active
CUST-10926,Daniel,Smith,LN-20057,Home,Active
CUST-10748,Maurice,Hardy,LN-20593,Home,Active
CUST-10829,Caitlin,Smith,LN-20857,Home,Active
CUST-10991,James,Molina,LN-20855,Home,Active
CUST-10589,Brittany,Gonzalez,LN-21176,Home,Active
CUST-10663,Jeffrey,Morris,LN-21025,Home,Active
CUST-10819,Rebecca,Day,LN-20991,Home,Active
CUST-10848,Susan,Shelton,LN-20440,Home,Active
CUST-10905,Melissa,Gonzalez,LN-20155,Home,Active
CUST-10580,Kristy,Golden,LN-20735,Home,Active
CUST-10619,Michael,Dean,LN-21247,Home,Active
CUST-10729,Rebecca,Brown,LN-20204,Home,Active
CUST-10802,Stephen,Calderon,LN-20629,Home,Active
CUST-10832,Bryan,Jimenez,LN-20947,Home,Active
CUST-10898,Henry,Sanders,LN-20859,Home,Active
CUST-10964,Andrea,Terry,LN-20264,Home,Active
CUST-10969,Geoffrey,Stone,LN-20203,Home,Active
CUST-10668,Justin,Newman,LN-20938,Home,Active
CUST-10797,Megan,Gilbert,LN-20370,Home,Active
CUST-10936,Lisa,Barnes,LN-21342,Home,Active
CUST-10944,Patricia,Jones,LN-20510,Home,Active
CUST-11026,Daniel,Santana,LN-21013,Home,Active
CUST-11047,Nicole,Russell,LN-20521,Home,Active
CUST-11152,Omar,Evans,LN-20674,Home,Active
CUST-11314,Alexandra,Chavez,LN-20672,Home,Active
CUST-11394,Christina,Graham,LN-21186,Home,Active
CUST-11409,Natalie,Harris,LN-21305,Home,Active
CUST-11425,Lisa,Harrison,LN-20327,Home,Active
CUST-11106,Bobby,Gonzalez,LN-20336,Home,Active
CUST-11151,Marissa,Patterson,LN-21497,Home,Active
CUST-11180,Joshua,Sims,LN-20782,Home,Active
CUST-11499,David,Williams,LN-21427,Home,Active
CUST-11216,Richard,Simmons,LN-20655,Home,Active
CUST-11407,Timothy,Davis,LN-20452,Home,Active
CUST-11107,Faith,Gutierrez,LN-20803,Home,Active
CUST-11232,Brian,Rowe,LN-21072,Home,Active
CUST-11325,Luis,Fischer,LN-20983,Home,Active
CUST-11434,Toni,Graves,LN-20698,Home,Active
CUST-11445,Glen,Schultz,LN-21324,Home,Active
CUST-11280,Ralph,Salazar,LN-20425,Home,Active
CUST-11343,Melvin,Pace,LN-21054,Home,Active
CUST-11388,Andrea,Perez,LN-21217,Home,Active
CUST-11478,Selena,Schmitt,LN-20958,Home,Active
CUST-11087,Wanda,Morgan,LN-20996,Home,Active
CUST-11111,Rebecca,Bates,LN-20181,Home,Active
CUST-11115,Juan,Morgan,LN-21232,Home,Active
CUST-11170,Kyle,Hutchinson,LN-20283,Home,Active
CUST-11184,Kara,Ferguson,LN-20183,Home,Active
CUST-11194,Dawn,King,LN-20608,Home,Active
CUST-11297,Amanda,Rivera,LN-20180,Home,Active
CUST-11429,Kristin,Davis,LN-21499,Home,Active
CUST-11060,Chad,Weeks,LN-20198,Home,Active
CUST-11102,Connie,Bailey,LN-21001,Home,Active
CUST-11272,Samuel,Beasley,LN-20302,Home,Active
CUST-11300,Rebecca,Taylor,LN-21450,Home,Active
CUST-11370,Timothy,Noble,LN-20759,Home,Active
CUST-11382,Teresa,Gutierrez,LN-21473,Home,Active
CUST-11392,Samantha,Wilson,LN-20897,Home,Active
CUST-11127,Robert,Carlson,LN-20902,Home,Active
CUST-11241,Robert,Meyers,LN-20530,Home,Active
CUST-11356,Tiffany,Campbell,LN-20314,Home,Active
CUST-11417,Johnathan,Thomas,LN-21370,Home,Active
CUST-11450,Keith,Roberts,LN-20966,Home,Active
CUST-11459,Melissa,Garcia,LN-21267,Home,Active
CUST-11148,Dawn,Bradley,LN-20956,Home,Active
CUST-11213,Edwin,Martinez,LN-20700,Home,Active
CUST-11214,John,Edwards,LN-21470,Home,Active
CUST-11226,Mark,Kirby,LN-21487,Home,Active
CUST-11302,Frank,Gilbert,LN-20872,Home,Active
CUST-11373,Chelsea,Rodriguez,LN-20463,Home,Active
CUST-11061,Monique,Vasquez,LN-21273,Home,Active
CUST-11196,April,Taylor,LN-21221,Home,Active
CUST-11285,Kyle,Reed,LN-21012,Home,Active
CUST-11306,Tiffany,Williams,LN-21110,Home,Active
CUST-11322,Renee,Ferguson,LN-20840,Home,Active
CUST-11350,Chase,Brooks,LN-20724,Home,Active
CUST-11412,William,King,LN-20405,Home,Active
CUST-11025,Larry,Lewis,LN-20142,Home,Active
CUST-11043,Jose,Wilson,LN-21047,Home,Active
CUST-11188,John,Dawson,LN-20693,Home,Active
CUST-11204,Timothy,Williams,LN-20868,Home,Active
CUST-11254,John,Byrd,LN-20170,Home,Active
CUST-11352,Amy,Whitehead,LN-21158,Home,Active
CUST-11065,Zachary,Contreras,LN-20382,Home,Active
CUST-11221,Robin,Hampton,LN-21237,Home,Active
CUST-11264,Michael,Parker,LN-20891,Home,Active
CUST-11335,Jeffrey,Sanders,LN-20514,Home,Active
CUST-11397,Leah,Joseph,LN-20284,Home,Active
CUST-11470,Mary,Hayes,LN-20622,Home,Active
CUST-11093,Brenda,Clarke,LN-20589,Home,Active
CUST-11098,Eduardo,Shelton,LN-20435,Home,Active
CUST-11172,Mark,Trevino,LN-20229,Home,Active
CUST-11258,Angela,Miller,LN-20992,Home,Active
CUST-11295,Adam,Flowers,LN-20158,Home,Active
CUST-11336,Tracey,Lewis,LN-21205,Home,Active
CUST-11348,Kayla,Sherman,LN-21422,Home,Active
CUST-11048,Jessica,Combs,LN-21467,Home,Active
CUST-11375,Tracy,Barnett,LN-20833,Home,Active
CUST-11400,Stacey,Oconnor,LN-20173,Home,Active
CUST-11487,Justin,Pitts,LN-20312,Home,Active
CUST-11146,Katelyn,Caldwell,LN-20000,Home,Active
CUST-11283,Thomas,Ramirez,LN-21268,Home,Active
CUST-11291,Tina,Spencer,LN-20189,Home,Active
CUST-11389,Matthew,Martinez,LN-20385,Home,Active
CUST-11488,Sara,Garcia,LN-20808,Home,Active
CUST-11031,Karen,Wagner,LN-21365,Home,Active
CUST-11068,Eric,Daniels,LN-20238,Home,Active
CUST-11125,Jennifer,Cook,LN-21325,Home,Active
CUST-11145,Wendy,Lopez,LN-21244,Home,Active
