loan_id,customer_id,loan_type,loan_status,first_name,last_name
LN-20000,CUST-11146,Home,Active,Katelyn,Caldwell
LN-20365,CUST-10531,Home,Active,Robin,Stone
LN-20400,CUST-10612,Home,Active,Alexander,Johnson
LN-20414,CUST-10351,Home,Active,Vanessa,Gaines
LN-20108,CUST-10126,Home,Active,Douglas,Lopez
LN-20123,CUST-10859,Home,Active,Richard,Olson
LN-20142,CUST-11025,Home,Active,Larry,Lewis
LN-20203,CUST-10969,Home,Active,Geoffrey,Stone
LN-20283,CUST-11170,Home,Active,Kyle,Hutchinson
LN-20285,CUST-10497,Home,Active,Nicole,Nichols
LN-20305,CUST-11348,Home,Active,Kayla,Sherman
LN-20158,CUST-11295,Home,Active,Adam,Flowers
LN-20264,CUST-10964,Home,Active,Andrea,Terry
LN-20279,CUST-10225,Home,Active,Betty,Martin
LN-20395,CUST-10483,Home,Active,Barry,Hubbard
LN-20425,CUST-11280,Home,Active,Ralph,Salazar
LN-20469,CUST-10005,Home,Active,Joseph,Gallagher
LN-20095,CUST-10263,Home,Active,Lori,Hall
LN-20132,CUST-10313,Home,Active,Joshua,Wagner
LN-20183,CUST-11184,Home,Active,Kara,Ferguson
LN-20211,CUST-10033,Home,Active,Jennifer,Young
LN-20314,CUST-11356,Home,Active,Tiffany,Campbell
LN-20329,CUST-10936,Home,Active,Lisa,Barnes
LN-20356,CUST-10908,Home,Active,Tanya,Spencer
LN-20377,CUST-11204,Home,Active,Timothy,Williams
LN-20405,CUST-11412,Home,Active,William,King
LN-20416,CUST-10374,Home,Active,Johnathan,Briggs
LN-20452,CUST-11407,Home,Active,Timothy,Davis
LN-20170,CUST-11254,Home,Active,John,Byrd
LN-20189,CUST-11291,Home,Active,Tina,Spencer
LN-20325,CUST-10260,Home,Active,Kelsey,Johnson
LN-20435,CUST-11098,Home,Active,Eduardo,Shelton
LN-20037,CUST-10654,Home,Active,Jake,Martin
LN-20213,CUST-10795,Home,Active,Heidi,Sparks
LN-20031,CUST-10930,Home,Active,Stephanie,Boyd
LN-20198,CUST-11060,Home,Active,Chad,Weeks
LN-20284,CUST-11397,Home,Active,Leah,Joseph
LN-20423,CUST-10900,Home,Active,Rhonda,Ibarra
LN-20440,CUST-10848,Home,Active,Susan,Shelton
LN-20146,CUST-10872,Home,Active,Erin,Stout
LN-20224,CUST-10636,Home,Active,Laura,Andrews
LN-20385,CUST-11389,Home,Active,Matthew,Martinez
LN-20450,CUST-10269,Home,Active,Laura,Leach
LN-20091,CUST-10092,Home,Active,Joshua,Anderson
LN-20155,CUST-10905,Home,Active,Melissa,Gonzalez
LN-20162,CUST-10273,Home,Active,Ryan,Wilkins
LN-20492,CUST-10962,Home,Active,James,Russell
LN-20079,CUST-10263,Home,Active,Lori,Hall
LN-20173,CUST-11400,Home,Active,Stacey,Oconnor
LN-20402,CUST-10427,Home,Active,Jessica,Rice
LN-20498,CUST-10387,Home,Active,Mary,Johnson
LN-20018,CUST-10414,Home,Active,Travis,Pearson
LN-20057,CUST-10926,Home,Active,Daniel,Smith
LN-20096,CUST-10156,Home,Active,Cynthia,Douglas
LN-20174,CUST-10200,Home,Active,Lindsey,Jones
LN-20190,CUST-10449,Home,Active,Jennifer,Torres
LN-20194,CUST-10755,Home,Active,Nicole,Mcneil
LN-20248,CUST-10956,Home,Active,Debra,Jordan
LN-20326,CUST-10132,Home,Active,Victoria,Lara
LN-20382,CUST-11065,Home,Active,Zachary,Contreras
LN-20298,CUST-10792,Home,Active,Jessica,Webster
LN-20312,CUST-11487,Home,Active,Justin,Pitts
LN-20327,CUST-11425,Home,Active,Lisa,Harrison
LN-20463,CUST-11373,Home,Active,Chelsea,Rodriguez
LN-20005,CUST-10538,Home,Active,Joshua,Jefferson
LN-20229,CUST-11172,Home,Active,Mark,Trevino
LN-20238,CUST-11068,Home,Active,Eric,Daniels
LN-20370,CUST-10797,Home,Active,Megan,Gilbert
LN-20399,CUST-10805,Home,Active,David,Scott
LN-20449,CUST-10333,Home,Active,John,Bryan
LN-20161,CUST-10418,Home,Active,Joseph,Owens
LN-20180,CUST-11297,Home,Active,Amanda,Rivera
LN-20204,CUST-10729,Home,Active,Rebecca,Brown
LN-20054,CUST-10563,Home,Active,Cameron,White
LN-20181,CUST-11111,Home,Active,Rebecca,Bates
LN-20302,CUST-11272,Home,Active,Samuel,Beasley
LN-20179,CUST-10837,Home,Active,Adrian,Robinson
LN-20336,CUST-11106,Home,Active,Bobby,Gonzalez
LN-20441,CUST-10174,Home,Active,Amanda,Anderson
LN-20534,CUST-11221,Home,Active,Robin,Hampton
LN-20571,CUST-11048,Home,Active,Jessica,Combs
LN-20607,CUST-10538,Home,Active,Joshua,Jefferson
LN-20759,CUST-11370,Home,Active,Timothy,Noble
LN-20827,CUST-10438,Home,Active,Omar,Douglas
LN-20968,CUST-10256,Home,Active,Amy,Murphy
LN-20535,CUST-10663,Home,Active,Jeffrey,Morris
LN-20784,CUST-10360,Home,Active,Sara,Macdonald
LN-20541,CUST-10735,Home,Active,Emily,Hess
LN-20593,CUST-10748,Home,Active,Maurice,Hardy
LN-20612,CUST-10113,Home,Active,Tammy,Duke
LN-20619,CUST-11125,Home,Active,Jennifer,Cook
LN-20688,CUST-10424,Home,Active,Jacqueline,Moran
LN-20859,CUST-10898,Home,Active,Henry,Sanders
LN-20902,CUST-11127,Home,Active,Robert,Carlson
LN-20500,CUST-10724,Home,Active,Tammy,Thomas
LN-20599,CUST-10700,Home,Active,Aaron,Hill
LN-20709,CUST-10008,Home,Active,Megan,Singh
LN-20891,CUST-11264,Home,Active,Michael,Parker
LN-20921,CUST-10934,Home,Active,Jason,Lopez
LN-20994,CUST-10775,Home,Active,Brooke,Young
